{
  "collusion_type": "wash",
  "pair": [
    "CA",
    "CB"
  ],
  "t_start": 220.89091097502262,
  "t_end": 391.99523235302706
}