{
  "collusion_type": "wash",
  "pair": [
    "CA",
    "CB"
  ],
  "t_start": 215.83338461221746,
  "t_end": 361.9231461268034
}