{
  "collusion_type": "wash",
  "pair": [
    "CA",
    "CB"
  ],
  "t_start": 286.2584083116366,
  "t_end": 444.1564616719635
}