{
  "collusion_type": "wash",
  "pair": [
    "CA",
    "CB"
  ],
  "t_start": 322.81795027149633,
  "t_end": 402.13472121178916
}