{
  "collusion_type": "wash",
  "pair": [
    "CA",
    "CB"
  ],
  "t_start": 180.19786994602708,
  "t_end": 353.80822308915805
}