{
  "collusion_type": "wash",
  "pair": [
    "CA",
    "CB"
  ],
  "t_start": 319.43599653338674,
  "t_end": 422.74959655349755
}