{
  "collusion_type": "wash",
  "pair": [
    "CA",
    "CB"
  ],
  "t_start": 256.0600413310476,
  "t_end": 367.74933878986985
}