{
  "collusion_type": "wash",
  "pair": [
    "CA",
    "CB"
  ],
  "t_start": 349.4404103109541,
  "t_end": 434.3622275204517
}