{
  "collusion_type": "wash",
  "pair": [
    "CA",
    "CB"
  ],
  "t_start": 327.55142088398077,
  "t_end": 490.18772267582784
}