{
  "collusion_type": "wash",
  "pair": [
    "CA",
    "CB"
  ],
  "t_start": 150.85684866460792,
  "t_end": 270.7701921574217
}